fomc,ns,target,path,ff.shock.0,cb_score_v2,hawkish_words,dovish_words,hawkish_phrases,dovish_phrases,hawkish_total,dovish_total,total_words,regime,lm_pct_full,lm_std,cb_std,combined_v2,hawkish_score,fg_strength,rate_change,direction,target_x_dir,path_x_dir,is_zlb,era
1995-07-06,-4.719215939608085,-2.750982088361826,-3.9214590903555253,-0.09920000000000229,-0.0425531914893617,4,6,1,1,5,7,47,cut,,,,,,,-0.25,-1,2.750982088361826,3.9214590903555253,0,pre_zlb
1995-12-19,-0.8824778089864709,-2.3948934393049557,0.8014587012421709,-0.11625000000001588,-0.025,3,4,1,1,4,5,40,cut,,,,,,,-0.25,-1,2.3948934393049557,-0.8014587012421709,0,pre_zlb
1997-03-25,1.3559889074479532,1.1147712891949293,0.8538626785362301,0.039999999999995595,0.0789473684210526,5,4,2,0,7,4,38,hike,,,,,,,0.25,1,1.1147712891949293,0.8538626785362301,0,pre_zlb
1998-09-29,0.6021364654030917,1.8644361937314131,-0.6285551901613098,0.06000000000000494,-0.0434782608695652,4,5,0,1,4,6,46,cut,,,,,,,-0.25,-1,-1.8644361937314131,0.6285551901613098,0,pre_zlb
1998-11-17,-0.17219864125785683,-0.9000104922183874,0.5191246746786831,-0.05769230769230236,-0.0263157894736842,2,2,0,1,2,3,38,cut,,,,,,,-0.25,-1,0.9000104922183874,-0.5191246746786831,0,pre_zlb
1999-06-30,-1.9569283944951188,-1.171554902623522,-1.6013690513530108,-0.039999999999995595,0.21875,6,1,2,0,8,1,32,hike,,,,,,,0.25,1,-1.171554902623522,-1.6013690513530108,0,pre_zlb
1999-08-24,0.09670885782282694,0.9506431800206352,-0.6236589466770583,0.039999999999995595,0.1666666666666666,6,2,2,0,8,2,36,hike,,,,,,,0.25,1,0.9506431800206352,-0.6236589466770583,0,pre_zlb
1999-11-16,1.7408737998767567,2.577465558318388,0.3200203229977365,0.07499999999999078,0.1935483870967742,6,1,2,1,8,2,31,hike,,,,,,,0.25,1,2.577465558318388,0.3200203229977365,0,pre_zlb
2000-02-02,0.16636232973522305,-1.0694072983959984,1.035056293398035,-0.05370370370370924,0.25,7,1,2,0,9,1,32,hike,,,,,,,0.25,1,-1.0694072983959984,1.035056293398035,0,pre_zlb
2000-03-21,0.08836791813155025,-0.02310386361169716,0.22432251375694864,-0.030999999999993835,0.1666666666666666,6,1,1,1,7,2,30,hike,,,,,,,0.25,1,-0.02310386361169716,0.22432251375694864,0,pre_zlb
2000-05-16,1.0760587311054985,1.402860900236943,0.3259753386810476,0.04133333333332879,0.2758620689655172,6,0,2,0,8,0,29,hike,,,,,,,0.5,1,1.402860900236943,0.3259753386810476,0,pre_zlb
2000-06-28,-0.47865207439078267,-0.2498435980338041,-0.3421871054854174,-0.029999999999996696,0.1851851851851851,5,1,1,0,6,1,27,unchanged,,,,,,,0.0,0,-0.0,-0.0,0,pre_zlb
2001-01-31,-0.23227674535891074,1.0764946721877096,-1.1014159019521048,0.039999999999995595,-0.0476190476190476,3,4,0,1,3,5,42,cut,,,,,,,-0.5,-1,-1.0764946721877096,1.1014159019521048,0,pre_zlb
2001-03-20,-1.2801302860786339,0.7191047603128266,-2.276037746092542,0.05636363636363016,0.0,5,3,0,2,5,5,39,cut,,,,,,,-0.5,-1,-0.7191047603128266,2.276037746092542,0,pre_zlb
2001-08-21,-0.523444620915097,0.8142653110143584,-1.233273512178114,0.015499999999998293,-0.0333333333333333,3,3,0,1,3,4,30,cut,,,,,,,-0.25,-1,-0.8142653110143584,1.233273512178114,0,pre_zlb
2001-12-11,-1.4170954278163428,0.031203838520610948,-1.7636296756521084,-0.0077499999999991465,-0.0333333333333333,3,3,0,1,3,4,30,cut,,,,,,,-0.25,-1,-0.031203838520610948,1.7636296756521084,0,pre_zlb
2003-01-29,0.9520445023462328,0.3919291007216227,0.8962023072464591,0.009999999999998899,-0.0348837209302325,6,11,0,1,6,12,172,unchanged,,,,,,,0.0,0,0.0,0.0,0,pre_zlb
2003-03-18,-0.013207953508398998,0.2927970969677169,-0.30198455318298084,0.02384615384615122,-0.0218340611353711,7,11,0,1,7,12,229,unchanged,,,,,,,0.0,0,0.0,-0.0,0,pre_zlb
2003-06-25,2.727516149362149,3.232848774848498,0.9400496054278397,0.12999999999999678,0.0652173913043478,6,2,0,1,6,3,46,cut,,,,,,,-0.25,-1,-3.232848774848498,-0.9400496054278397,0,pre_zlb
2003-08-12,-0.7293084018891786,0.4728381905997459,-1.1558335937206063,-0.008157894736841207,-0.0232558139534883,13,15,1,4,14,19,215,unchanged,,,,,,,0.0,0,0.0,-0.0,0,pre_zlb
2003-09-16,0.07802046524826317,0.3381408724352912,-0.17015471808006447,0.010714285714284535,-0.0235849056603773,13,16,2,4,15,20,212,unchanged,,,,,,,0.0,0,0.0,-0.0,0,pre_zlb
2004-01-28,3.0257485050449393,-0.480522089958845,3.992300364662042,0.004999999999999449,-0.0439024390243902,10,16,1,4,11,20,205,unchanged,,,,,,,0.0,0,-0.0,0.0,0,pre_zlb
2004-03-16,-1.098746791612202,0.35863480387834834,-1.598648442222903,0.0,-0.0588235294117647,11,18,0,5,11,23,204,unchanged,,,,,,,0.0,0,0.0,-0.0,0,pre_zlb
2004-08-10,0.881301259178432,0.44231251341897815,0.7696172851492294,0.014761904761903137,-0.1111111111111111,3,5,0,1,3,6,27,hike,,,,,,,0.25,1,0.44231251341897815,0.7696172851492294,0,pre_zlb
2004-09-21,-0.1363551886702824,0.3181108764285691,-0.44576416373797006,0.01666666666666483,-0.021505376344086,13,17,2,4,15,21,279,hike,,,,,,,0.25,1,0.3181108764285691,-0.44576416373797006,0,pre_zlb
2004-11-10,-0.48363320213716154,0.1959409015385649,-0.6996028825329901,-0.007499999999999174,-0.0191570881226053,12,16,2,3,14,19,261,hike,,,,,,,0.25,1,0.1959409015385649,-0.6996028825329901,0,pre_zlb
2004-12-14,-0.11783999460413565,-0.011518321647915606,-0.11995911823114072,-0.009117647058822525,-0.0285714285714285,4,4,0,1,4,5,35,hike,,,,,,,0.25,1,-0.011518321647915606,-0.11995911823114072,0,pre_zlb
2005-02-02,-0.2530774410585246,-0.06889378551620075,-0.29112498388022545,0.0,-0.0299625468164794,12,18,1,3,13,21,267,hike,,,,,,,0.25,1,-0.06889378551620075,-0.29112498388022545,0,pre_zlb
2005-05-03,0.5631021896730808,0.21865232936245396,0.5290687772664323,0.005535714285713676,-0.0381944444444444,13,21,1,4,14,25,288,hike,,,,,,,0.25,1,0.21865232936245396,0.5290687772664323,0,pre_zlb
2005-08-09,-0.2647869617540563,0.236126187884604,-0.4614566796113799,-0.00704545454545377,-0.0289855072463768,15,21,1,3,16,24,276,hike,,,,,,,0.25,1,0.236126187884604,-0.4614566796113799,0,pre_zlb
2005-09-20,0.4999996521814242,1.419649657737202,-0.4273581358171102,0.044999999999995044,-0.0195530726256983,18,21,2,6,20,27,358,hike,,,,,,,0.25,1,1.419649657737202,-0.4273581358171102,0,pre_zlb
2005-11-01,0.33021903070099584,0.005496922326363615,0.4132025558076289,-0.005172413793103338,-0.0213523131672597,14,18,2,4,16,22,281,hike,,,,,,,0.25,1,0.005496922326363615,0.4132025558076289,0,pre_zlb
2005-12-13,-0.3281331436445067,0.11530784591404487,-0.49521024432212074,0.0,-0.0526315789473684,3,5,1,1,4,6,38,hike,,,,,,,0.25,1,0.11530784591404487,-0.49521024432212074,0,pre_zlb
2006-01-31,0.7823846582363789,0.3987485911527393,0.7046261016213693,0.004999999999999005,0.013953488372093,11,9,3,2,14,11,215,unchanged,0.9302325581395348,0.8419317445001294,1.6650484223898456,1.2534900834449876,78.0,85.0,,0,0.0,0.0,0,pre_zlb
2006-03-28,1.1431008298677565,0.26005393419158845,1.2408831138111704,0.004999999999999005,0.0253623188405797,17,11,3,2,20,13,276,unchanged,1.0869565217391304,1.033448023762081,2.0214462157408635,1.5274471197514723,78.0,85.0,,0,0.0,0.0,0,pre_zlb
2006-05-10,1.2008527988628235,0.22892216759513706,1.351522891856268,0.0,0.0337837837837837,19,11,5,3,24,14,296,unchanged,0.6756756756756757,0.5308638907381285,2.2845223943931177,1.407693142565623,78.0,65.0,,0,0.0,0.0,0,pre_zlb
2006-06-29,-0.6100387513082035,-0.3653419077791956,-0.5109498630665854,-0.014999999999998792,0.0565371024734982,23,11,6,2,29,13,283,cut,0.7067137809187279,0.5687923752848629,2.995308008643931,1.782050191964397,78.0,65.0,,-1,0.3653419077791956,0.5109498630665854,0,pre_zlb
2006-08-08,-0.5217524044892712,-0.7847773713587116,-0.015180901610976903,-0.04717391304347247,0.0607476635514018,20,10,5,2,25,12,214,cut,-0.4672897196261681,-0.8658368741341769,3.1268407438423,1.1305019348540613,72.0,68.0,,-1,0.7847773713587116,0.015180901610976903,0,pre_zlb
2006-09-20,0.48584248069225194,-0.24931784616791844,0.8005542769371179,-0.01499999999999968,0.0541871921182266,17,10,5,1,22,11,203,cut,-0.4926108374384236,-0.8967792147869832,2.9218997072843083,1.0125602462486625,72.0,68.0,,-1,0.24931784616791844,-0.8005542769371179,0,pre_zlb
2006-10-25,-0.07802086690256703,0.09738052070768824,-0.14918266409085695,-0.004999999999999893,0.0434782608695652,17,12,5,1,22,13,207,unchanged,-0.966183574879227,-1.4754838783971735,2.587365902376527,0.5559410119896767,72.0,68.0,,0,0.0,-0.0,0,pre_zlb
2006-12-12,-0.6171779321467659,0.24998005526174252,-0.9153911285242337,0.0,0.0368663594470046,17,13,5,1,22,14,217,unchanged,-0.9216589861751152,-1.4210749458483147,2.380818256378625,0.4798716552651554,72.0,68.0,,0,0.0,-0.0,0,pre_zlb
2007-01-31,-0.06616160889150553,-0.059976111901211666,-0.05562776515656611,0.0,0.063953488372093,14,9,6,0,20,9,172,unchanged,1.162790697674419,1.1261171911468963,3.2269867575042768,2.1765519743255863,72.0,68.0,,0,-0.0,-0.0,0,pre_zlb
2007-03-21,-1.6240139388677237,0.5023512891228746,-2.41993536336332,0.01549999999999967,0.0,11,12,1,0,12,12,162,hike,-1.2345679012345678,-1.803448832927795,1.2291586544509343,-0.2871450892384302,78.0,85.0,,1,0.5023512891228746,-2.41993536336332,0,pre_zlb
2007-05-09,0.9166250249035324,-0.030656056533890835,1.1397281470759197,0.0,0.0062111801242236,12,12,1,0,13,12,161,unchanged,-1.8633540372670807,-2.5718238692566797,1.4231882612974476,-0.5743178039796158,78.0,65.0,,0,-0.0,0.0,0,pre_zlb
2007-08-07,-0.4088392519199774,0.38503562621644755,-0.7748526217188832,0.006458333333332049,0.0098039215686274,18,16,2,2,20,18,204,hike,-1.4705882352941175,-2.091865072353253,1.5354210731008229,-0.2782219996262151,78.0,65.0,,1,0.38503562621644755,-0.7748526217188832,0,pre_zlb
2007-09-18,-3.483714215606999,-4.95513748952875,-0.6235470806387485,-0.20000000000000462,-0.0157480314960629,11,13,2,4,13,17,254,cut,-1.1811023622047243,-1.7381140821433485,0.7372095725251294,-0.5004522548091095,42.0,55.0,,-1,4.95513748952875,0.6235470806387485,0,pre_zlb
2007-10-31,1.5614487229764011,-0.08822064566002835,2.067152540636245,-0.019999999999997797,-0.0166666666666666,16,18,2,5,18,23,300,cut,-1.6666666666666667,-2.331472409722096,0.7085125427461241,-0.8114799334879857,48.0,52.0,,-1,0.08822064566002835,-2.067152540636245,0,pre_zlb
2007-12-11,0.7374362481112545,1.9429229430737607,-0.28587829977069856,0.030999999999996586,-0.0144927536231884,16,15,1,6,17,21,276,hike,-1.0869565217391304,-1.623068107935953,0.7764229051424036,-0.4233226013967747,35.0,65.0,,1,1.9429229430737607,-0.28587829977069856,0,pre_zlb
2008-01-30,-1.9156908668665067,-2.887785022340617,-0.2459687992692545,-0.11499999999999844,-0.036144578313253,8,14,1,4,9,18,249,cut,-1.2048192771084338,-1.7670960909798226,0.1000466049706227,-0.8335247430045999,20.0,75.0,,-1,2.887785022340617,0.2459687992692545,0,pre_zlb
2008-03-18,0.6908918001338283,2.6906581181984515,-1.1524781855046666,0.09538461538460488,-0.0104166666666666,20,18,1,6,21,24,288,hike,-2.083333333333333,-2.840638001630885,0.903754834635428,-0.9684415834977288,25.0,85.0,,1,2.6906581181984515,-1.1524781855046666,0,pre_zlb
2008-04-30,-1.381961860169286,-1.6325649621663696,-0.5442929338381952,-0.05999999999999339,-0.033003300330033,16,22,1,5,17,27,303,cut,-1.32013201320132,-1.908007957045478,0.1981762550354684,-0.8549158510050048,25.0,70.0,,-1,1.6325649621663696,0.5442929338381952,0,pre_zlb
2008-06-25,-0.709666646072574,-0.39527632340447766,-0.6106012814813195,-0.014999999999998348,-0.0040485829959514,21,18,2,6,23,24,247,cut,-1.6194331983805668,-2.2737532333113823,1.1026859147655554,-0.5855336592729135,68.0,45.0,,-1,0.39527632340447766,0.6106012814813195,0,pre_zlb
2008-08-05,-0.4749384499442936,-0.09304381633126384,-0.5427222074802575,-0.002980769230775521,0.0165289256198347,21,14,1,4,22,18,242,unchanged,-1.6528925619834711,-2.3146404893284167,1.7455019057284324,-0.2845692917999921,52.0,45.0,,0,-0.0,-0.0,0,pre_zlb
2008-09-16,1.636996349754762,3.147804330210424,-0.2242106476394756,0.0964285714285608,0.0045454545454545,19,15,1,4,20,19,220,hike,-2.727272727272727,-3.627530280035378,1.3711530485522463,-1.128188615741566,42.0,55.0,,1,3.147804330210424,-0.2242106476394756,0,pre_zlb
2008-10-29,-1.5013029525330104,-1.0336839288075426,-1.1096586693131265,-0.03500000000000725,-0.0734265734265734,6,21,0,6,6,27,286,cut,-1.048951048951049,-1.5766255182209523,-1.0645969425702582,-1.3206112303956052,20.0,75.0,,-1,1.0336839288075426,1.1096586693131265,0,pre_zlb
2008-12-16,-4.4604486622583295,-4.210779153715667,-2.4914522410752173,-0.14983333333335128,-0.0304083405734144,5,36,2,6,7,42,1151,cut,0.3475238922675934,0.1298632578543655,0.2792395974743038,0.2045514276643347,30.0,0.0,,-1,4.210779153715667,2.4914522410752173,1,zlb_post
2009-01-28,-0.022958237977828113,0.2855636066856883,-0.23399271906865857,0.004999999999999449,-0.0668058455114822,14,47,2,1,16,48,479,unchanged,0.208768267223382,-0.0396957580407784,-0.8577735678313951,-0.4487346629360867,15.0,92.0,,0,0.0,-0.0,1,zlb_post
2009-03-18,-0.8667048336740523,0.07153572112868846,-1.1325231610928128,-0.005961538461551042,-0.0803782505910165,11,36,0,9,11,45,423,cut,-0.4728132387706856,-0.8725866002813076,-1.2817587636999244,-1.077172681990616,15.0,92.0,,-1,-0.07153572112868846,1.1325231610928128,1,zlb_post
2009-04-29,0.44942869826136916,-0.017890877096900553,0.5435859450955158,0.0,-0.0892018779342723,10,39,0,9,10,48,426,unchanged,0.0,-0.2948100420869361,-1.5573979997438254,-0.9261040209153808,15.0,92.0,,0,-0.0,0.0,1,zlb_post
2009-06-24,1.0071508711270447,-0.01369912632752192,1.2392131799319523,0.0,-0.082010582010582,7,30,0,8,7,38,378,unchanged,1.058201058201058,0.9983089214909424,-1.3327507840965451,-0.1672209313028013,20.0,85.0,,0,-0.0,0.0,1,zlb_post
2009-08-12,-0.21986499390093941,0.09000520378568985,-0.34587634031471837,0.0,-0.0833333333333333,8,36,0,7,8,43,420,unchanged,1.1904761904761905,1.1599487919381777,-1.3740719040731175,-0.1070615560674699,20.0,85.0,,0,0.0,-0.0,1,zlb_post
2009-09-23,-1.8285951544293122,0.08627089016588217,-2.3158299756943665,-0.009999999999987796,-0.0894117647058823,11,39,0,10,11,49,425,cut,0.9411764705882352,0.8553051772835067,-1.5639546036360483,-0.3543247131762709,20.0,85.0,,-1,-0.08627089016588217,2.3158299756943665,1,zlb_post
2009-11-04,-0.2888184348086909,0.03258809062557829,-0.3678137134310719,-0.005769230769242944,-0.084051724137931,14,43,0,10,14,53,464,cut,1.0775862068965518,1.0219975231944172,-1.3965135468190146,-0.1872580118122987,20.0,85.0,,-1,-0.03258809062557829,0.3678137134310719,1,zlb_post
2009-12-16,0.2091333191312596,-0.296587749565936,0.47710879356317126,-0.015500000000009766,-0.0743362831858407,15,48,0,9,15,57,565,cut,1.0619469026548671,1.0028863337513954,-1.093015153506804,-0.0450644098777043,20.0,85.0,,-1,0.296587749565936,-0.47710879356317126,1,zlb_post
2010-01-27,0.7012487469695802,-0.11054828460148708,0.9260067108644633,-0.0050000000000105516,-0.0642201834862385,14,44,2,7,16,51,545,cut,1.1009174311926606,1.050508219103261,-0.7770006750538397,0.1367537720247106,25.0,70.0,,-1,0.11054828460148708,-0.9260067108644633,1,zlb_post
2010-03-16,-0.6899174284783172,-0.05057091224716089,-0.8020957610047237,-0.010333333333332197,-0.0739910313901345,16,42,0,7,16,49,446,cut,0.8968609865470852,0.8011517700934188,-1.0822299132071926,-0.1405390715568869,25.0,65.0,,-1,0.05057091224716089,0.8020957610047237,1,zlb_post
2010-04-28,-0.04652441547310802,-0.00747579163640711,-0.06839581511811264,0.0,-0.0631067961165048,18,38,0,6,18,44,412,unchanged,0.7281553398058253,0.5949939049381335,-0.7422198267614545,-0.0736129609116604,25.0,60.0,,0,-0.0,-0.0,1,zlb_post
2010-06-23,0.21991272247981047,0.0840857186757961,0.21193561488637175,0.0,-0.074585635359116,18,38,0,7,18,45,362,unchanged,0.2762430939226519,0.0427583061398858,-1.1008046078744602,-0.5290231508672872,25.0,70.0,,0,0.0,0.0,1,zlb_post
2010-08-10,-0.41403732728934656,0.16331685264550053,-0.6416790204487024,0.0036904761904839787,-0.0924731182795698,13,50,0,6,13,56,465,unchanged,0.2150537634408602,-0.0320148978759478,-1.659587513717691,-0.8458012057968194,25.0,85.0,,0,0.0,-0.0,1,zlb_post
2010-09-21,-0.08400846736517613,0.2075748702111649,-0.2464553577909618,0.0,-0.0769230769230769,20,47,0,6,20,53,429,unchanged,-0.2331002331002331,-0.5796579256722731,-1.1738233995712677,-0.8767406626217703,25.0,85.0,,0,0.0,-0.0,1,zlb_post
2010-11-03,0.06252843026539076,0.3871016632344076,-0.20967743721458215,0.008333333333326249,-0.0608519269776876,27,49,1,9,28,58,493,hike,-0.6085192697768762,-1.0384190201281709,-0.6717804957897526,-0.8550997579589616,20.0,85.0,,1,0.3871016632344076,-0.20967743721458215,1,zlb_post
2010-12-14,0.07072425237791469,0.18770919038310824,-0.05719193127784772,0.00455882352940114,-0.065040650406504,26,51,1,8,27,59,492,unchanged,-0.8130081300813009,-1.288303879957746,-0.8026310497629601,-1.045467464860353,25.0,85.0,,0,0.0,-0.0,1,zlb_post
2011-01-26,-0.05113732696811175,0.12942518378480827,-0.1295745838067981,-0.004999999999999449,-0.0549199084668192,20,42,2,4,22,46,437,unchanged,0.2288329519450801,-0.0151767650660904,-0.4864715534550768,-0.2508241592605836,25.0,85.0,,0,0.0,-0.0,1,zlb_post
2011-03-15,0.1495414676912928,0.05889285338756454,0.12729973763476893,0.0,-0.0452586206896551,22,42,2,3,24,45,464,unchanged,1.0775862068965518,1.0219975231944172,-0.1846648385405765,0.4186663423269203,25.0,70.0,,0,0.0,0.0,1,zlb_post
2011-04-27,-0.17856965806806727,-0.09593038048528345,-0.17853272531454606,0.0,-0.0495689655172413,20,42,3,4,23,46,464,unchanged,1.0775862068965518,1.0219975231944172,-0.3193146950159586,0.3513414140892292,25.0,70.0,,0,-0.0,-0.0,1,zlb_post
2011-06-22,0.2292959068750435,0.0460772688334768,0.23567573575479134,0.0,-0.0566448801742919,15,38,1,4,16,42,459,unchanged,-1.30718954248366,-1.892192291212551,-0.5403575421928656,-1.2162749167027085,42.0,65.0,,0,0.0,0.0,1,zlb_post
2011-08-09,-0.5245586661854929,0.22112579286954237,-0.7381164694509629,-0.007045454545469414,-0.0569259962049335,18,42,1,7,19,49,527,cut,-1.5180265654648957,-2.1498345894586186,-0.5491392602903534,-1.349486924874486,20.0,85.0,,-1,-0.22112579286954237,0.7381164694509629,1,zlb_post
2011-09-21,1.1535584155935692,0.3310100209033926,1.1977873808962813,0.008333333333313913,-0.0654362416107382,19,53,0,5,19,58,596,hike,-1.006711409395973,-1.5250087876383749,-0.8149888311015092,-1.1699988093699418,20.0,85.0,,1,0.3310100209033926,1.1977873808962813,1,zlb_post
2011-11-02,0.3312584762345173,-0.0015702727973757426,0.41735488047251884,-0.0053571428571303715,-0.0405679513184584,23,39,0,4,23,43,493,cut,-0.4056795131845842,-0.7905493607810926,-0.0381341123761902,-0.4143417365786414,25.0,70.0,,-1,0.0015702727973757426,-0.41735488047251884,1,zlb_post
2011-12-13,0.2855920955519064,0.1384123636739121,0.2417579704022916,0.004305555555545521,-0.0526315789473684,18,38,0,3,18,41,437,unchanged,0.0,-0.2948100420869361,-0.414986961458993,-0.3548985017729645,25.0,70.0,,0,0.0,0.0,1,zlb_post
2012-01-25,-0.29332560435408106,0.1538779923663267,-0.44988072575323196,-0.0050000000000105516,-0.0494117647058823,16,35,0,2,16,37,425,cut,-0.2352941176470588,-0.5823388469295468,-0.3144039355445033,-0.4483713912370251,25.0,85.0,,-1,-0.1538779923663267,0.44988072575323196,1,zlb_post
2012-03-13,0.3700381269333225,0.10659255419908353,0.3620040289562837,0.004305555555564642,-0.0437788018433179,17,33,2,5,19,38,434,unchanged,0.2304147465437788,-0.0132438161465915,-0.1384371228381987,-0.0758404694923951,25.0,85.0,,0,0.0,0.0,1,zlb_post
2012-04-25,0.09939755269368272,-0.09811109273128386,0.17075446329958624,0.0,-0.0383747178329571,17,34,3,3,20,37,443,unchanged,0.6772009029345373,0.5327277145142574,0.0303797968010324,0.2815537556576449,25.0,85.0,,0,-0.0,0.0,1,zlb_post
2012-06-20,0.46569311954489195,0.23135244463390506,0.39978455902292764,0.007500000000015827,-0.0592885375494071,17,41,0,6,17,47,506,hike,-0.7905138339920948,-1.2608159081589487,-0.6229421381748732,-0.941879023166911,25.0,85.0,,1,0.23135244463390506,0.39978455902292764,1,zlb_post
2012-08-01,0.406588483812649,0.5006355354622913,0.12695301375712983,0.015499999999998295,-0.0561555075593952,16,36,0,6,16,42,463,hike,-0.2159827213822894,-0.5587403705061793,-0.5250701452456189,-0.5419052578758992,20.0,85.0,,1,0.5006355354622913,0.12695301375712983,1,zlb_post
2012-09-13,0.3936081787634351,0.3857440913287277,0.20457270068300804,0.008823529411763734,-0.0755711775043936,21,51,0,13,21,64,569,hike,0.8787346221441126,0.7790013995484731,-1.1315917290260618,-0.1762951647387943,20.0,85.0,,1,0.3857440913287277,0.20457270068300804,1,zlb_post
2012-10-24,0.06674943802887312,-0.008829543032491758,0.07268609019239827,0.0,-0.0756756756756756,20,52,0,10,20,62,555,unchanged,0.9009009009009008,0.8060885350131499,-1.1348561230195562,-0.1643837940032031,25.0,78.0,,0,-0.0,0.0,1,zlb_post
2012-12-12,0.04581577525073195,0.17298230697303105,-0.08076656094968161,0.004078947368411546,-0.0644699140401146,28,65,2,10,30,75,698,unchanged,0.7163323782234957,0.5805462763808974,-0.7848019495648076,-0.1021278365919551,25.0,85.0,,0,0.0,-0.0,1,zlb_post
2013-01-30,0.047019528472393234,0.07706750168445901,-0.021536383469555817,0.0050000000000105516,-0.0670731707317073,32,63,1,14,33,77,656,hike,0.3048780487804878,0.0777501471146174,-0.8661244780196441,-0.3941871654525133,25.0,78.0,,1,0.07706750168445901,-0.021536383469555817,1,zlb_post
2013-03-20,0.18161670076491085,0.15722654528949848,0.11874497196185493,0.0,-0.0627871362940275,33,62,1,13,34,75,653,unchanged,0.6125574272588056,0.4537335539811164,-0.7322340481429913,-0.1392502470809374,25.0,85.0,,0,0.0,0.0,1,zlb_post
2013-05-01,0.11633616493374113,0.09038413588282361,0.07447177131312249,0.0,-0.0721649484536082,34,69,1,15,35,84,679,unchanged,0.5891016200294551,0.4250706180492027,-1.0251853343740176,-0.3000573581624074,25.0,85.0,,0,0.0,0.0,1,zlb_post
2013-06-19,0.15843678569465025,0.14290121029599684,0.09303139502289395,0.0,-0.0678925035360678,38,71,1,16,39,87,707,unchanged,0.2828854314002829,0.05087522540418,-0.8917194243465959,-0.4204220994712079,25.0,78.0,,0,0.0,0.0,1,zlb_post
2013-07-31,-0.019350595071180376,0.1225324723379187,-0.11319237947331116,0.0,-0.0619718309859154,36,67,2,15,38,82,710,unchanged,0.2816901408450704,0.0494145834288654,-0.7067649158317408,-0.3286751662014377,25.0,85.0,,0,0.0,-0.0,1,zlb_post
2013-09-18,-0.1661228736766817,0.0819551783792399,-0.27184350586473777,0.0,-0.051660516605166,39,69,3,15,42,84,813,unchanged,0.4920049200492005,0.3064187011263951,-0.3846521714975554,-0.0391167351855801,42.0,55.0,,0,0.0,-0.0,1,zlb_post
2013-10-30,0.1210277571313841,0.07137991096167119,0.08634183174736457,0.0,-0.0581542351453855,36,69,2,15,38,84,791,unchanged,0.3792667509481668,0.1686529492838965,-0.5875079300057998,-0.2094274903609516,42.0,58.0,,0,0.0,0.0,1,zlb_post
2013-12-18,0.11164457273616149,0.10938836080394833,0.06260171087897137,0.0,-0.0548712206047032,40,80,4,13,44,93,893,unchanged,0.1119820828667413,-0.1579682256724797,-0.4849506046892027,-0.3214594151808412,52.0,68.0,,0,0.0,0.0,1,zlb_post
2014-01-29,0.11633616493374113,0.09038413588282361,0.07447177131312249,0.0,-0.058411214953271,37,79,4,12,41,91,856,unchanged,0.4672897196261681,0.2762167899603047,-0.5955356622715319,-0.1596594361556136,72.0,85.0,,0,0.0,0.0,1,zlb_post
2014-03-19,0.49707293498607763,-0.0048565424028375395,0.6017616360020809,0.0,-0.0640883977900552,38,85,2,13,40,98,905,unchanged,0.4419889502762431,0.245299315075979,-0.7728838524360713,-0.2637922686800461,42.0,55.0,,0,-0.0,0.0,1,zlb_post
2014-04-30,0.19609060411748144,0.07756855132877809,0.18284776943311853,0.0,-0.0548926014319809,38,75,2,11,40,86,838,unchanged,0.8353221957040573,0.7259515264175591,-0.4856185153644316,0.1201665055265637,48.0,52.0,,0,0.0,0.0,1,zlb_post
2014-06-18,0.3079552457601981,0.03890304752662206,0.34142407476647507,0.0,-0.0557575757575757,39,75,2,12,41,87,825,unchanged,1.3333333333333337,1.3345198520211918,-0.5126392465251585,0.4109403027480167,58.0,72.0,,0,0.0,0.0,1,zlb_post
2014-07-30,-0.012902254568896765,0.12199793091939773,-0.08503828925287037,-0.004999999999999449,-0.0613636363636363,36,80,3,13,39,93,880,unchanged,0.7954545454545454,0.6772333606480263,-0.6877656659167766,-0.0052661526343751,48.0,52.0,,0,0.0,-0.0,1,zlb_post
2014-09-17,0.486837726824554,0.053630422237220726,0.5502755083710918,0.0,-0.066017316017316,37,85,3,16,40,101,924,unchanged,1.0822510822510822,1.0276979888449855,-0.8331408789252626,0.0972785549598614,48.0,52.0,,0,0.0,0.0,1,zlb_post
2014-10-29,0.6758246724446016,0.05556153045449513,0.7728121127325153,0.0,-0.0725806451612903,35,77,3,15,38,92,744,unchanged,0.5376344086021506,0.3621778184405347,-1.0381711868442078,-0.3379966842018365,48.0,62.0,,0,0.0,0.0,1,zlb_post
2014-12-17,-1.185489539154673,0.23726270984234143,-1.6038094910949352,-0.005535714285725968,-0.0802139037433155,35,81,4,18,39,99,748,cut,0.4010695187165776,0.1952958752584231,-1.276624770866335,-0.540664447803956,42.0,68.0,,-1,-0.23726270984234143,1.6038094910949352,1,zlb_post
2015-01-28,-0.019350595071365453,0.1225324723379768,-0.11319237947357234,0.0,-0.0844827586206896,26,66,3,12,29,78,580,unchanged,0.5172413793103449,0.3372575892481134,-1.4099785324665528,-0.5363604716092197,42.0,65.0,,0,0.0,-0.0,1,zlb_post
2015-03-18,-1.2793070163256939,0.05577236036097766,-1.6268865218603634,-0.005961538461551042,-0.0741989881956155,29,68,5,10,34,78,593,cut,0.6745362563237773,0.5294715232291486,-1.0887262273377665,-0.2796273520543088,42.0,58.0,,-1,-0.05577236036097766,1.6268865218603634,1,zlb_post
2015-04-29,0.12278450543614652,0.08984959446427225,0.1026258615337335,-0.004999999999999449,-0.0614035087719298,29,63,4,5,33,68,570,unchanged,-0.175438596491228,-0.5091955544695844,-0.6890112307773143,-0.5991033926234494,42.0,58.0,,0,0.0,0.0,1,zlb_post
2015-06-17,-0.7433176078939004,-0.042805264235726406,-0.8969241118088501,-0.005769230769268564,-0.0648648648648648,25,60,4,5,29,65,555,cut,1.0810810810810811,1.0262682504331673,-0.7971397262380575,0.1145642620975548,48.0,62.0,,-1,0.042805264235726406,0.8969241118088501,1,zlb_post
2015-07-29,-0.07277037328472508,-0.015524546861163958,-0.07430785165355418,-0.004999999999988347,-0.0710382513661202,25,63,4,5,29,68,549,unchanged,0.9107468123861568,0.8181202134514026,-0.9899887069138312,-0.0859342467312142,52.0,68.0,,0,-0.0,-0.0,1,zlb_post
2015-09-17,-1.1989117753695009,-1.4843952472459105,-0.3787068770177032,-0.06346153846154427,-0.0619765494137353,28,65,6,6,34,71,597,cut,0.5025125628140703,0.3192590134814536,-0.7069123136976068,-0.1938266501080766,48.0,62.0,,-1,1.4843952472459105,0.3787068770177032,1,zlb_post
2015-10-28,0.8985845815214294,0.06169226117440873,1.089946588087466,-0.0050000000000105516,-0.0561224489795918,27,62,8,6,35,68,588,cut,0.5102040816326531,0.3286580296381127,-0.5240374359836312,-0.0976897031727592,48.0,52.0,,-1,-0.06169226117440873,-1.089946588087466,1,zlb_post
2015-12-16,0.6450003528791468,0.4905468303032785,0.4134075238997948,0.020666666666687337,-0.0415282392026578,28,51,4,6,32,57,602,hike,0.4983388704318937,0.3141587721561348,-0.0681323215577293,0.1230132252992027,78.0,85.0,,1,0.4905468303032785,0.4134075238997948,1,zlb_post
2016-01-27,-0.5519580125404718,-0.07981860663765922,-0.6399438104261714,-0.0050000000000105516,-0.0376175548589341,31,85,4,10,35,95,1595,cut,0.2507836990595611,0.0116469912876332,0.054032634302146,0.0328398127948896,50.0,0.0,,-1,0.07981860663765922,0.6399438104261714,1,zlb_post
2016-03-16,-1.5203653088783786,-0.594420449651158,-1.4940631446675787,-0.015500000000009766,-0.035491905354919,32,85,6,10,38,95,1606,cut,0.49813200498132,0.3139059831091264,0.1204353032489097,0.217170643179018,50.0,0.0,,-1,0.594420449651158,1.4940631446675787,1,zlb_post
2016-04-27,0.30687129646909167,-0.10512386190002745,0.4503543539275026,-0.0050000000000105516,-0.0341402855369335,34,85,6,10,40,95,1611,cut,0.4345127250155183,0.2361633870916901,0.1626582394131478,0.199410813252419,50.0,0.0,,-1,0.10512386190002745,-0.4503543539275026,1,zlb_post
2016-06-15,-0.6591531305622609,-0.1777832277069232,-0.737434673246432,0.0,-0.0386810399492707,30,85,4,10,34,95,1577,unchanged,0.1268230818008877,-0.139832563256106,0.0208106716737587,-0.0595109457911736,50.0,0.0,,0,-0.0,-0.0,1,zlb_post
2016-07-27,0.19156816948010844,-0.00683916226062403,0.26787169625568424,-0.009999999999998899,-0.0343535290443472,35,84,6,12,41,96,1601,cut,0.2498438475952529,0.0104984952225192,0.1559967752342734,0.0832476352283963,50.0,0.0,,-1,0.00683916226062403,-0.26787169625568424,1,zlb_post
2016-09-21,-0.5404653506422668,-0.9057417750172263,0.021703630946225707,-0.041666666666680584,-0.034777303233679,35,86,5,11,40,97,1639,cut,0.3660768761439902,0.1525349562954051,0.1427585921992862,0.1476467742473456,50.0,0.0,,-1,0.9057417750172263,-0.021703630946225707,1,zlb_post
2016-11-02,0.19330890570028383,0.168657838425545,0.14545771138347877,-0.005357142857142267,-0.0342927127985303,34,84,6,12,40,96,1633,cut,0.4286589099816289,0.2290100402197185,0.1578965997490587,0.1934533199843886,50.0,0.0,,-1,-0.168657838425545,-0.14545771138347877,1,zlb_post
2016-12-14,0.9462586480171469,-0.16018254071250113,1.25784344785178,-0.00455882352940114,-0.0324015247776365,33,80,7,11,40,91,1574,unchanged,0.3811944091486658,0.1710085426326683,0.2169749811239205,0.1939917618782944,50.0,0.0,,0,-0.0,0.0,1,zlb_post
2017-02-01,-0.30979207912831647,-0.11642141468532052,-0.3137314253696552,-0.0051851851851731,-0.0390370852309694,31,84,4,11,35,95,1537,cut,0.5855562784645413,0.4207382198017991,0.0096882561833238,0.2152132379925614,50.0,0.0,,-1,0.11642141468532052,0.3137314253696552,1,zlb_post
2017-03-15,-0.6865035357132987,0.21010096311952403,-0.9910124476103674,0.0,-0.032071840923669,34,80,7,11,41,91,1559,unchanged,0.5131494547787042,0.332257268025236,0.227273898123525,0.2797655830743805,50.0,0.0,,0,0.0,-0.0,1,zlb_post
2017-05-03,0.3509332723839659,0.29916953606996416,0.25726832793515264,-0.0027678571428506925,-0.0340836012861736,35,82,5,11,40,93,1555,unchanged,0.3215434083601286,0.0981151735339949,0.1644289854983319,0.1312720795161634,50.0,0.0,,0,0.0,0.0,1,zlb_post
2017-06-14,0.4709172559935969,0.5418746518836697,0.16718965811542802,0.01875000000001875,-0.0327455919395466,30,80,7,9,37,89,1588,hike,0.3778337531486146,0.1669018296691453,0.2062267473230954,0.1865642884961204,50.0,0.0,,1,0.5418746518836697,0.16718965811542802,1,zlb_post
2017-07-26,-0.13986576485766616,-0.05966433906999884,-0.15437353106003893,0.0,-0.0337443218689162,29,77,5,9,34,86,1541,unchanged,0.45425048669695,0.2602828809544441,0.1750276560609225,0.2176552685076833,50.0,0.0,,0,-0.0,-0.0,1,zlb_post
2017-09-20,0.9506823514274114,-0.08262585382706758,1.2203021201602806,0.0,-0.03125,32,76,4,9,36,85,1568,unchanged,0.2551020408163265,0.0169239937755882,0.252947195004415,0.1349355943900015,50.0,0.0,,0,-0.0,0.0,1,zlb_post
2017-11-01,0.19531143740666984,0.057606905055144667,0.20419308722696927,-0.002586206896545697,-0.0291073738680465,33,75,5,8,38,83,1546,unchanged,0.258732212160414,0.0213600537943305,0.3198801928707352,0.1706201233325328,50.0,0.0,,0,0.0,0.0,1,zlb_post
2017-12-13,-0.009603542820577352,0.1961918692371978,-0.16265817662427196,0.004305555555545521,-0.0243421052631578,33,68,6,8,39,76,1520,unchanged,0.3289473684210526,0.1071627936305295,0.468741307092593,0.2879520503615612,50.0,0.0,,0,0.0,-0.0,1,zlb_post
2018-01-31,0.26454468671024733,0.1282087567355655,0.26067362062200367,-0.004999999999999449,-0.0261348005502063,31,63,3,9,34,72,1454,unchanged,0.6189821182943603,0.4615845098545948,0.4127397172521946,0.4371621135533947,50.0,0.0,,0,0.0,0.0,1,zlb_post
2018-03-21,0.055263090017008236,0.002221262368985408,0.042866730808343044,0.0,-0.0216070222822417,36,64,5,9,41,73,1481,unchanged,0.8102633355840648,0.6953296639882258,0.5541819262448332,0.6247557951165295,50.0,0.0,,0,0.0,0.0,1,zlb_post
2018-05-02,-0.04366933733492594,0.09686430528343534,-0.12073198949211346,-0.0026724137931090877,-0.0247592847317744,33,64,3,8,36,72,1454,unchanged,0.6877579092159559,0.5456283489592093,0.4557091349994967,0.500668741979353,50.0,0.0,,0,0.0,-0.0,1,zlb_post
2018-06-13,0.5282824714372025,-0.15928340307941374,0.751594264195036,-0.004411764705911255,-0.0207253886010362,27,53,6,8,33,61,1351,unchanged,0.5921539600296076,0.4288005696561256,0.5817230751288904,0.505261822392508,50.0,0.0,,0,-0.0,0.0,1,zlb_post
2018-08-01,0.002219783839729891,0.07149113987145435,-0.045182654403716646,-0.002583333333327313,-0.0238984316654219,27,54,3,8,30,62,1339,unchanged,0.7468259895444361,0.6178093907592891,0.4826011231042309,0.55020525693176,50.0,0.0,,0,0.0,-0.0,1,zlb_post
2018-09-26,0.057880150496743166,0.41677493155823375,-0.2345470001099763,0.009999999999998899,-0.0196671709531013,26,50,5,7,31,57,1322,hike,0.680786686838124,0.5371095331952016,0.6147804893529736,0.5759450112740876,50.0,0.0,,1,0.41677493155823375,-0.2345470001099763,1,zlb_post
2018-11-08,0.21070415508796195,0.0413770425819724,0.1938326688450339,0.006818181818181067,-0.0224719101123595,26,53,4,7,30,60,1335,hike,0.599250936329588,0.4374730563886268,0.527163897096134,0.4823184767423804,50.0,0.0,,1,0.0413770425819724,0.1938326688450339,1,zlb_post
2018-12-19,0.5570791939800203,0.8251030639203198,0.08731950956490125,0.025833333333330488,-0.0212922173274596,27,54,5,7,32,61,1362,hike,0.6607929515418502,0.5126772402353738,0.5640160447839961,0.538346642509685,50.0,0.0,,1,0.8251030639203198,0.08731950956490125,1,zlb_post
2019-01-30,-0.4849268848431771,0.01590398980943161,-0.6329078443689973,0.0,-0.0286554004408523,25,60,4,8,29,68,1361,unchanged,0.5878030859662012,0.4234838127733698,0.3339992853184904,0.3787415490459301,50.0,0.0,,0,0.0,-0.0,1,zlb_post
2019-03-20,-0.6202201565100884,0.2817412965540306,-0.9483924535033404,0.0,-0.0334059549745824,22,62,4,10,26,72,1377,unchanged,0.2904865649963689,0.0601637910520894,0.185597820532796,0.1228808057924427,50.0,0.0,,0,0.0,-0.0,1,zlb_post
2019-05-01,-0.7201093621079054,-0.33376405491580646,-0.6124881987391846,-0.02583333333334196,-0.0295639320029563,22,59,4,7,26,66,1353,cut,0.3695491500369549,0.156778066036159,0.3056178798082553,0.2311979729222071,50.0,0.0,,-1,0.33376405491580646,0.6124881987391846,1,zlb_post
2019-06-19,-1.3773094027475603,1.0328766446968298,-2.6147216135796243,0.06136363636364474,-0.0266570605187319,26,59,4,8,30,67,1388,hike,0.4322766570605187,0.2334309178184366,0.3964249599374769,0.3149279388779568,50.0,0.0,,1,1.0328766446968298,-2.6147216135796243,1,zlb_post
2019-07-31,0.9772813497194184,1.223716592504504,0.33188143576117596,0.03750000000001252,-0.027177700348432,26,62,4,7,30,69,1435,hike,0.4878048780487805,0.3012862606355495,0.3801608137615572,0.3407235371985533,50.0,0.0,,1,1.223716592504504,0.33188143576117596,1,zlb_post
2019-09-18,0.7923953509780869,0.7581039788547811,0.36766624659313674,0.03749999999999587,-0.0289139633286318,26,63,4,8,30,71,1418,hike,0.4936530324400564,0.3084326902168487,0.3259220995892746,0.3171773949030617,50.0,0.0,,1,0.7581039788547811,0.36766624659313674,1,zlb_post
2019-10-30,0.31470747226868595,0.034194496544390586,0.4076494177871365,-0.01249999999998197,-0.0275162925416364,24,59,4,7,28,66,1381,cut,0.4344677769732078,0.2361084606999265,0.3695836112308275,0.302846035965377,50.0,0.0,,-1,-0.034194496544390586,-0.4076494177871365,1,zlb_post
2019-12-11,0.05016863595095827,0.16820385242405939,-0.056302508984488936,0.0,-0.0260223048327137,24,57,4,6,28,63,1345,unchanged,0.5204460966542751,0.3411737455760876,0.4162539447259517,0.3787138451510197,50.0,0.0,,0,0.0,-0.0,1,zlb_post
2020-01-29,0.256253797806127,0.46962979021150575,-0.013505256542008067,0.009999999999998899,-0.0127388535031847,18,24,2,0,20,24,314,hike,0.6369426751592357,0.4835322640156727,0.8312125818103151,0.6573724229129939,50.0,40.0,,1,0.46962979021150575,-0.013505256542008067,1,zlb_post
2020-04-29,-0.09004557384741388,-0.7480817065418282,0.4465455178281202,-0.03250000000000197,-0.037037037037037,21,68,4,11,25,79,1458,cut,0.0685871056241426,-0.2109967759291107,0.0721672951069114,-0.0694147404110996,50.0,0.0,,-1,0.7480817065418282,-0.4465455178281202,1,zlb_post
2020-06-10,0.03658172575006419,0.10319972043684139,-0.03390422680678261,0.0,-0.0376454483230663,22,69,4,12,26,81,1461,unchanged,0.2737850787132101,0.0397546178941988,0.0531612768836009,0.0464579473888999,50.0,0.0,,0,0.0,-0.0,1,zlb_post
2020-07-29,-0.01057965869686161,0.08241066905131221,-0.11205597203449516,0.004999999999988347,-0.0364372469635627,21,69,4,10,25,79,1482,unchanged,0.3373819163292847,0.1174697894181568,0.0909039972825231,0.1041868933503399,50.0,0.0,,0,0.0,-0.0,1,zlb_post
2020-09-16,0.07860626643198133,0.02515070946856666,0.09026153874131893,-0.005357142857154162,-0.040625,16,28,2,3,18,31,320,cut,0.9375,0.8508125397078411,-0.0399162428295409,0.40544814843915,25.0,85.0,,-1,-0.02515070946856666,-0.09026153874131893,1,zlb_post
2020-11-05,0.034016593539416315,-0.028266524263263686,0.03058421281546904,0.0029999999999930083,-0.0373443983402489,11,19,2,3,13,22,241,unchanged,0.4149377593360996,0.212242829523477,0.0625657070625626,0.1374042682930198,20.0,85.0,,0,-0.0,0.0,1,zlb_post
2020-12-16,0.13205831249419134,-0.004852834723220797,0.17216097467316963,-0.005166666666654626,-0.0472440944881889,12,22,2,4,14,26,254,cut,1.1811023622047243,1.148493997969476,-0.2466885913264808,0.4509027033214975,20.0,85.0,,-1,0.004852834723220797,-0.17216097467316963,1,zlb_post
2021-01-27,0.09408563717039804,0.2402917469387056,-0.045170176278456056,0.0,-0.0463320463320463,12,22,2,4,14,26,259,unchanged,1.1583011583011582,1.1206309856131746,-0.2181973317554882,0.4512168269288432,20.0,85.0,,0,0.0,-0.0,1,zlb_post
2021-03-17,-0.07158826411793609,-0.19688566937804744,0.05880194898440979,-0.011071428571451936,-0.0463320463320463,12,22,2,4,14,26,259,cut,1.1583011583011582,1.1206309856131746,-0.2181973317554882,0.4512168269288432,25.0,85.0,,-1,0.19688566937804744,-0.05880194898440979,1,zlb_post
2021-04-28,0.039706516378981246,-0.05207669721907608,0.10687216710966793,-0.010000000000010001,-0.0463320463320463,12,22,2,4,14,26,259,cut,1.1583011583011582,1.1206309856131746,-0.2181973317554882,0.4512168269288432,25.0,85.0,,-1,0.05207669721907608,-0.10687216710966793,1,zlb_post
2021-06-16,0.5591705199835392,0.4267473529551024,0.3331741329811375,0.02142857142859286,-0.0463320463320463,12,22,2,4,14,26,259,hike,1.1583011583011582,1.1206309856131746,-0.2181973317554882,0.4512168269288432,25.0,70.0,,1,0.4267473529551024,0.3331741329811375,1,zlb_post
2021-07-28,0.14622364015526262,-0.022170034196597858,0.15791104843857345,0.004999999999999449,-0.05,12,24,2,4,14,28,280,unchanged,1.7857142857142856,1.8873282089507344,-0.3327796806634968,0.7772742641436189,25.0,65.0,,0,-0.0,0.0,1,zlb_post
2021-09-22,0.18736505264498904,0.14327819730081898,0.12887294378237502,0.0,-0.0584192439862542,12,26,2,5,14,31,291,unchanged,1.718213058419244,1.804841883310136,-0.5957864793597413,0.6045277019751971,45.0,60.0,,0,0.0,0.0,1,zlb_post
2021-11-03,0.17257436257964906,-0.048073943265641954,0.21523919692918914,0.00277777777778364,-0.0524861878453038,12,27,2,6,14,33,362,unchanged,0.5524861878453038,0.3803266543667077,-0.4104451227410098,-0.015059234187151,78.0,85.0,,0,-0.0,0.0,1,zlb_post
2021-12-15,0.7626597624998797,-0.04450762714475513,0.9625922180326609,0.0,-0.0417737789203084,27,82,4,14,31,96,1556,unchanged,0.5784061696658097,0.4120008052928749,-0.0758026795135647,0.1680990628896551,50.0,0.0,,0,-0.0,0.0,1,zlb_post
2022-01-26,0.011675658096734095,-0.04734435633677507,0.04593820690111179,-0.0050000000000105516,-0.0607476635514018,5,15,1,4,6,19,214,cut,0.4672897196261681,0.2762167899603047,-0.6685234349404305,-0.1961533224900629,78.0,85.0,,-1,0.04734435633677507,-0.04593820690111179,1,zlb_post
2022-03-16,2.3333573577156823,-0.6715920987663702,3.389442696749643,-0.020666666666664394,-0.017391304347826,29,54,10,9,39,63,1380,cut,0.3623188405797101,0.1479426465294028,0.6858757552806976,0.4169092009050502,50.0,0.0,,-1,0.6715920987663702,-3.389442696749643,1,zlb_post
2022-05-04,-0.5187621343815904,-0.5410110853987461,-0.2720457515255421,-0.017222222222220324,-0.0176553672316384,30,55,9,9,39,64,1416,cut,0.211864406779661,-0.0359122834892463,0.6776267564585505,0.3208572364846521,50.0,0.0,,-1,0.5410110853987461,0.2720457515255421,1,zlb_post
2022-06-15,1.6545473988673791,1.0308146075855327,1.295952354023171,0.03500000000000725,-0.0164168451106352,29,52,9,9,38,61,1401,hike,0.0713775874375446,-0.207586814350955,0.7163166600521919,0.2543649228506184,50.0,0.0,,1,1.0308146075855327,1.295952354023171,1,zlb_post
2022-07-27,0.1260639933549696,-0.3930679039132265,0.4342451309906647,-0.014999999999998348,-0.0192735359525574,28,52,7,9,35,61,1349,cut,0.2223869532987398,-0.0230537587849875,0.6270771613008201,0.3020117012579163,50.0,0.0,,-1,0.3930679039132265,-0.4342451309906647,1,zlb_post
